property,url,category,priority,contact,status,date_requested,live_url,notes
TripAdvisor listing (Expedition-Go Tours Ltd),https://www.tripadvisor.com/Attraction_Review-g293797-d24155300-Reviews-Expedition_Go_Tours_Ltd-Accra_Greater_Accra.html,marketplace-profile,P1,owner dashboard,fix-website-field,,,"Ensure website field = https://www.travioghana.com. Decide whether a separate listing for the Travio Ghana platform is appropriate; keep the operator listing reviewed."
GetYourGuide supplier profile,https://www.getyourguide.com,marketplace-profile,P1,supplier dashboard,verify-website-field,,,"Supplier backend → profile settings; set website URL."
Google Business Profile,https://business.google.com,local-profile,P1,GBP dashboard,claim-verify,,,"Accra address; website field; hours; photos. NAP must match the footer/contact page."
YouTube channel @TravioGhana,https://www.youtube.com/@TravioGhana,social-profile,P1,channel settings,fix-about-link,,,"About → Links → website. Also add travioghana.com to channel banner copy when refreshed."
Instagram @travioghana,https://www.instagram.com/travioghana,social-profile,P1,app settings,check-bio-link,,,"Bio link should be the canonical https://www.travioghana.com (no tracking params)."
TikTok @travio.ghana,https://www.tiktok.com/@travio.ghana,social-profile,P1,app settings,check-bio-link,,,"Bio link should be the canonical https://www.travioghana.com."
expeditiongotours.com storefront link,https://www.expeditiongotours.com,owned-network,P1,content edit,todo,,,"No link to travioghana.com currently exists anywhere on the Expedition-Go site (checked 2026-09). Add a body link, e.g. a 'Book online via Travio Ghana' paragraph — not a sitewide footer link. Separate frontend project (Expedition-Go-Lite)."
Ghana Tourism Authority operator directory,,directory,P1,,todo,,,"Registered operator — ask GTA for the licensed-operator listing and its link. Verify the current directory URL with GTA directly."
Wikidata item,,entity,P1,,todo,,,"Create item: official website, parent Expedition-Go Tours Ltd, social profiles. See docs/backlinks/templates.md."
Viator operator profile,https://www.viator.com,marketplace-profile,P2,,todo,,,"Supplier signup; set website field."
TourRadar operator profile,https://www.tourradar.com,marketplace-profile,P2,,todo,,,"Operator account; website field."
Bing Places,https://www.bingplaces.com,local-profile,P2,,todo,,,"Import from Google Business Profile."
Apple Business Connect,https://businessconnect.apple.com,local-profile,P2,,todo,,,"Claim the Accra location."
LinkedIn company page,https://www.linkedin.com,social-profile,P2,,todo,,,"Create company page under Expedition-Go Tours Ltd; add to brandSocial.ts AND the backend BRANDS config together (they must not drift)."
Ghana Chamber of Commerce,,directory,P2,,todo,,,"Find current membership/directory page; verify domain before submitting."
Visit Ghana portal,,directory,P2,,todo,,,"Official tourism portal; ask about operator listings."
ATTA — African Travel & Tourism Association,https://atta.travel,industry-association,P2,,todo,,,"Paid membership; confirm member-directory link is dofollow-friendly before paying."
Klook operator profile,https://www.klook.com,marketplace-profile,P3,,todo,,,"Only if the commission structure makes sense for the catalogue."
Airbnb Experiences,https://www.airbnb.com,marketplace-profile,P3,,todo,,,"Host one or two flagship experiences; profile links to the brand."
Crunchbase,https://www.crunchbase.com,startup-directory,P3,,todo,,,"Company profile with website; low traffic but useful entity corroboration."
British Chamber of Commerce Ghana,,directory,P3,,todo,,,"Membership desk; verify current domain."
American Chamber of Commerce Ghana,,directory,P3,,todo,,,"Membership desk; verify current domain."
Yellow Pages Ghana,,directory,P3,,todo,,,"Submit basic listing; verify domain."
Expedia Things To Do,https://www.expediagroup.com,marketplace-profile,P3,,todo,,,"Evaluate via the existing marketplace integrations once volume justifies it."
